file_basename,cell_index,frame,condition,genotype,golgi_70pct_quantile,golgi_std_deviation,centrosome_70pct_quantile,centrosome_std_deviation,filename
F10_NODRUG_CEP250KO,1,F10,NODRUG,CEP250KO,38,35.781694057406035,39,37.686902017076555,Segmented images_CEP250KO/250KO_nodrug/F10_NODRUG_CEP250KO.tif
F10_NODRUG_CEP250KO,2,F10,NODRUG,CEP250KO,63,55.476353817814775,63,56.85374551805851,Segmented images_CEP250KO/250KO_nodrug/F10_NODRUG_CEP250KO.tif
F10_NODRUG_CEP250KO,3,F10,NODRUG,CEP250KO,45,40.185963542502876,45,40.25531680052404,Segmented images_CEP250KO/250KO_nodrug/F10_NODRUG_CEP250KO.tif
F11_NODRUG_CEP250KO,1,F11,NODRUG,CEP250KO,42,39.01824290320118,45,40.90061584591299,Segmented images_CEP250KO/250KO_nodrug/F11_NODRUG_CEP250KO.tif
F11_NODRUG_CEP250KO,2,F11,NODRUG,CEP250KO,34,30.04510940811743,38,33.76297299921459,Segmented images_CEP250KO/250KO_nodrug/F11_NODRUG_CEP250KO.tif
F11_NODRUG_CEP250KO,3,F11,NODRUG,CEP250KO,39,36.173567809470406,45,40.592159295317586,Segmented images_CEP250KO/250KO_nodrug/F11_NODRUG_CEP250KO.tif
F11_NODRUG_CEP250KO,4,F11,NODRUG,CEP250KO,27,28.481294039614482,40,36.29707940788975,Segmented images_CEP250KO/250KO_nodrug/F11_NODRUG_CEP250KO.tif
F11_NODRUG_CEP250KO,5,F11,NODRUG,CEP250KO,37,33.012410199518804,39,33.74707684888601,Segmented images_CEP250KO/250KO_nodrug/F11_NODRUG_CEP250KO.tif
F11_NODRUG_CEP250KO,6,F11,NODRUG,CEP250KO,34,29.515690828611874,36,30.75898305064012,Segmented images_CEP250KO/250KO_nodrug/F11_NODRUG_CEP250KO.tif
F11_NODRUG_CEP250KO,7,F11,NODRUG,CEP250KO,24,23.89321743333247,31,28.57208025696589,Segmented images_CEP250KO/250KO_nodrug/F11_NODRUG_CEP250KO.tif
F12_NODRUG_CEP250KO,1,F12,NODRUG,CEP250KO,35,32.4660980956287,39,35.5711290236941,Segmented images_CEP250KO/250KO_nodrug/F12_NODRUG_CEP250KO.tif
F12_NODRUG_CEP250KO,2,F12,NODRUG,CEP250KO,39,33.925369331055606,40,36.07039958100769,Segmented images_CEP250KO/250KO_nodrug/F12_NODRUG_CEP250KO.tif
F12_NODRUG_CEP250KO,3,F12,NODRUG,CEP250KO,78,67.93478784333988,80,68.6887838700607,Segmented images_CEP250KO/250KO_nodrug/F12_NODRUG_CEP250KO.tif
F12_NODRUG_CEP250KO,4,F12,NODRUG,CEP250KO,34,31.235463704819768,38,34.84262014845214,Segmented images_CEP250KO/250KO_nodrug/F12_NODRUG_CEP250KO.tif
F14_NODRUG_CEP250KO,1,F14,NODRUG,CEP250KO,29,29.678159008549144,42,37.45335400075552,Segmented images_CEP250KO/250KO_nodrug/F14_NODRUG_CEP250KO.tif
F14_NODRUG_CEP250KO,2,F14,NODRUG,CEP250KO,32,35.75059334469803,52,45.98795951234701,Segmented images_CEP250KO/250KO_nodrug/F14_NODRUG_CEP250KO.tif
F14_NODRUG_CEP250KO,3,F14,NODRUG,CEP250KO,36,33.81533648063384,43,38.68387935037103,Segmented images_CEP250KO/250KO_nodrug/F14_NODRUG_CEP250KO.tif
F14_NODRUG_CEP250KO,4,F14,NODRUG,CEP250KO,26,25.55420767203741,33,29.257259018752713,Segmented images_CEP250KO/250KO_nodrug/F14_NODRUG_CEP250KO.tif
F15_NODRUG_CEP250KO,1,F15,NODRUG,CEP250KO,28,27.351727031713576,40,35.02164158330502,Segmented images_CEP250KO/250KO_nodrug/F15_NODRUG_CEP250KO.tif
F15_NODRUG_CEP250KO,2,F15,NODRUG,CEP250KO,32,30.86989670754993,42,37.072057132272214,Segmented images_CEP250KO/250KO_nodrug/F15_NODRUG_CEP250KO.tif
F15_NODRUG_CEP250KO,3,F15,NODRUG,CEP250KO,32,32.22491661299014,46,41.78507036742825,Segmented images_CEP250KO/250KO_nodrug/F15_NODRUG_CEP250KO.tif
F15_NODRUG_CEP250KO,4,F15,NODRUG,CEP250KO,40,37.00932441883607,46,40.757142299378316,Segmented images_CEP250KO/250KO_nodrug/F15_NODRUG_CEP250KO.tif
F15_NODRUG_CEP250KO,5,F15,NODRUG,CEP250KO,26,28.03190171700674,41,36.9885581782385,Segmented images_CEP250KO/250KO_nodrug/F15_NODRUG_CEP250KO.tif
F16_NODRUG_CEP250KO,1,F16,NODRUG,CEP250KO,50,43.550569436307455,53,45.09930859900573,Segmented images_CEP250KO/250KO_nodrug/F16_NODRUG_CEP250KO.tif
F16_NODRUG_CEP250KO,2,F16,NODRUG,CEP250KO,27,30.08673800374589,41,37.718728405086935,Segmented images_CEP250KO/250KO_nodrug/F16_NODRUG_CEP250KO.tif
F16_NODRUG_CEP250KO,3,F16,NODRUG,CEP250KO,33,32.66399981419,41,37.31696382091773,Segmented images_CEP250KO/250KO_nodrug/F16_NODRUG_CEP250KO.tif
F16_NODRUG_CEP250KO,4,F16,NODRUG,CEP250KO,34,31.056046272566284,39,33.90338440889323,Segmented images_CEP250KO/250KO_nodrug/F16_NODRUG_CEP250KO.tif
F17_NODRUG_CEP250KO,1,F17,NODRUG,CEP250KO,40,36.10731500582661,45,39.99968869652233,Segmented images_CEP250KO/250KO_nodrug/F17_NODRUG_CEP250KO.tif
F17_NODRUG_CEP250KO,2,F17,NODRUG,CEP250KO,30,28.410684668649772,32,30.292204343343283,Segmented images_CEP250KO/250KO_nodrug/F17_NODRUG_CEP250KO.tif
F17_NODRUG_CEP250KO,3,F17,NODRUG,CEP250KO,26,27.675428051584717,37,33.977503188879815,Segmented images_CEP250KO/250KO_nodrug/F17_NODRUG_CEP250KO.tif
F17_NODRUG_CEP250KO,4,F17,NODRUG,CEP250KO,34,34.57352068833568,55,48.72023612017527,Segmented images_CEP250KO/250KO_nodrug/F17_NODRUG_CEP250KO.tif
F17_NODRUG_CEP250KO,5,F17,NODRUG,CEP250KO,40,35.609354232364836,44,39.50276359047176,Segmented images_CEP250KO/250KO_nodrug/F17_NODRUG_CEP250KO.tif
F2_NODRUG_CEP250KO,1,F2,NODRUG,CEP250KO,37,35.00157071933183,44,38.93319628487233,Segmented images_CEP250KO/250KO_nodrug/F2_NODRUG_CEP250KO.tif
F2_NODRUG_CEP250KO,2,F2,NODRUG,CEP250KO,35,30.298649353138256,35,31.403230746648852,Segmented images_CEP250KO/250KO_nodrug/F2_NODRUG_CEP250KO.tif
F2_NODRUG_CEP250KO,3,F2,NODRUG,CEP250KO,35,33.66668830373929,40,38.9291192067199,Segmented images_CEP250KO/250KO_nodrug/F2_NODRUG_CEP250KO.tif
F3_NODRUG_CEP250KO,1,F3,NODRUG,CEP250KO,32,33.36342499225314,46,41.44508909235048,Segmented images_CEP250KO/250KO_nodrug/F3_NODRUG_CEP250KO.tif
F3_NODRUG_CEP250KO,2,F3,NODRUG,CEP250KO,30,29.017489632340883,34,30.558493467875955,Segmented images_CEP250KO/250KO_nodrug/F3_NODRUG_CEP250KO.tif
F3_NODRUG_CEP250KO,3,F3,NODRUG,CEP250KO,49,44.41804993321495,52,46.98309225615369,Segmented images_CEP250KO/250KO_nodrug/F3_NODRUG_CEP250KO.tif
F4_NODRUG_CEP250KO,1,F4,NODRUG,CEP250KO,32,34.96831471916974,50,45.495637731989994,Segmented images_CEP250KO/250KO_nodrug/F4_NODRUG_CEP250KO.tif
F4_NODRUG_CEP250KO,2,F4,NODRUG,CEP250KO,35,33.39976945324301,54,46.583782996977384,Segmented images_CEP250KO/250KO_nodrug/F4_NODRUG_CEP250KO.tif
F4_NODRUG_CEP250KO,3,F4,NODRUG,CEP250KO,30,31.05772923755695,46,41.59075314491294,Segmented images_CEP250KO/250KO_nodrug/F4_NODRUG_CEP250KO.tif
F4_NODRUG_CEP250KO,4,F4,NODRUG,CEP250KO,28,27.8750531456569,45,39.78077870068554,Segmented images_CEP250KO/250KO_nodrug/F4_NODRUG_CEP250KO.tif
F4_NODRUG_CEP250KO,5,F4,NODRUG,CEP250KO,35,31.695730517265673,38,33.901725186812655,Segmented images_CEP250KO/250KO_nodrug/F4_NODRUG_CEP250KO.tif
F5_NODRUG_CEP250KO,1,F5,NODRUG,CEP250KO,65,56.32534712536418,66,57.1243988818545,Segmented images_CEP250KO/250KO_nodrug/F5_NODRUG_CEP250KO.tif
F5_NODRUG_CEP250KO,2,F5,NODRUG,CEP250KO,31,31.274990608027,38,35.482361213309744,Segmented images_CEP250KO/250KO_nodrug/F5_NODRUG_CEP250KO.tif
F5_NODRUG_CEP250KO,3,F5,NODRUG,CEP250KO,37,33.70543788601386,37,33.89867908310195,Segmented images_CEP250KO/250KO_nodrug/F5_NODRUG_CEP250KO.tif
F5_NODRUG_CEP250KO,4,F5,NODRUG,CEP250KO,44,39.109162995377986,47,41.45689429021706,Segmented images_CEP250KO/250KO_nodrug/F5_NODRUG_CEP250KO.tif
F5_NODRUG_CEP250KO,5,F5,NODRUG,CEP250KO,49,43.67978114136696,50,43.92157251655164,Segmented images_CEP250KO/250KO_nodrug/F5_NODRUG_CEP250KO.tif
F6__NODRUG_CEP250KO,1,F6,NODRUG,CEP250KO,40,37.47166347398829,46,40.11087692005768,Segmented images_CEP250KO/250KO_nodrug/F6__NODRUG_CEP250KO.tif
F6__NODRUG_CEP250KO,2,F6,NODRUG,CEP250KO,21,23.66010666077884,28,26.508231499066092,Segmented images_CEP250KO/250KO_nodrug/F6__NODRUG_CEP250KO.tif
F6__NODRUG_CEP250KO,3,F6,NODRUG,CEP250KO,28,25.11552479245567,30,26.718110328792758,Segmented images_CEP250KO/250KO_nodrug/F6__NODRUG_CEP250KO.tif
F6__NODRUG_CEP250KO,4,F6,NODRUG,CEP250KO,30,29.296653988290217,36,33.38289105657209,Segmented images_CEP250KO/250KO_nodrug/F6__NODRUG_CEP250KO.tif
F6__NODRUG_CEP250KO,5,F6,NODRUG,CEP250KO,36,32.749642570700004,44,36.637274835062314,Segmented images_CEP250KO/250KO_nodrug/F6__NODRUG_CEP250KO.tif
F6__NODRUG_CEP250KO,6,F6,NODRUG,CEP250KO,28,27.964181664491722,40,35.53806416559371,Segmented images_CEP250KO/250KO_nodrug/F6__NODRUG_CEP250KO.tif
F7_NODRUG_CEP250KO,1,F7,NODRUG,CEP250KO,27,28.1743531081239,42,37.69715441073644,Segmented images_CEP250KO/250KO_nodrug/F7_NODRUG_CEP250KO.tif
F7_NODRUG_CEP250KO,2,F7,NODRUG,CEP250KO,30,29.923107050761836,45,40.17936910417435,Segmented images_CEP250KO/250KO_nodrug/F7_NODRUG_CEP250KO.tif
F8_NODRUG_CEP250KO,1,F8,NODRUG,CEP250KO,40,36.780750570961544,41,37.199630063444275,Segmented images_CEP250KO/250KO_nodrug/F8_NODRUG_CEP250KO.tif
F8_NODRUG_CEP250KO,2,F8,NODRUG,CEP250KO,44,39.874484672385336,47,41.86045301004344,Segmented images_CEP250KO/250KO_nodrug/F8_NODRUG_CEP250KO.tif
F8_NODRUG_CEP250KO,3,F8,NODRUG,CEP250KO,26,28.72953694436651,41,37.37400369152243,Segmented images_CEP250KO/250KO_nodrug/F8_NODRUG_CEP250KO.tif
F8_NODRUG_CEP250KO,4,F8,NODRUG,CEP250KO,44,40.54966517685766,54,47.829622735225,Segmented images_CEP250KO/250KO_nodrug/F8_NODRUG_CEP250KO.tif
F8_NODRUG_CEP250KO,5,F8,NODRUG,CEP250KO,38,34.134921556268324,47,40.837115332915154,Segmented images_CEP250KO/250KO_nodrug/F8_NODRUG_CEP250KO.tif
F9_NODRUG_CEP250KO,1,F9,NODRUG,CEP250KO,30,31.975546857613203,48,42.85502684092228,Segmented images_CEP250KO/250KO_nodrug/F9_NODRUG_CEP250KO.tif
F9_NODRUG_CEP250KO,2,F9,NODRUG,CEP250KO,25,29.03805172460051,47,42.77946839623103,Segmented images_CEP250KO/250KO_nodrug/F9_NODRUG_CEP250KO.tif
F9_NODRUG_CEP250KO,3,F9,NODRUG,CEP250KO,50,43.63674067444445,50,43.70068559072727,Segmented images_CEP250KO/250KO_nodrug/F9_NODRUG_CEP250KO.tif
F9_NODRUG_CEP250KO,4,F9,NODRUG,CEP250KO,25,26.014159650343498,38,33.67419674765122,Segmented images_CEP250KO/250KO_nodrug/F9_NODRUG_CEP250KO.tif
F11_2HWO_CEP250KO,1,F11,2HWO,CEP250KO,28,25.64888873681136,30,26.848385859583313,Segmented images_CEP250KO/CEP250_2hWO/F11_2HWO_CEP250KO.tif
F11_2HWO_CEP250KO,2,F11,2HWO,CEP250KO,36,33.14677908405008,42,36.16500770424329,Segmented images_CEP250KO/CEP250_2hWO/F11_2HWO_CEP250KO.tif
F11_2HWO_CEP250KO,3,F11,2HWO,CEP250KO,34,31.250504242937666,40,35.30023103804985,Segmented images_CEP250KO/CEP250_2hWO/F11_2HWO_CEP250KO.tif
F12_2HWO_CEP250KO,1,F12,2HWO,CEP250KO,27,25.72216514267241,31,28.70439517035391,Segmented images_CEP250KO/CEP250_2hWO/F12_2HWO_CEP250KO.tif
F12_2HWO_CEP250KO,2,F12,2HWO,CEP250KO,31,29.524515999733868,38,33.22769332443675,Segmented images_CEP250KO/CEP250_2hWO/F12_2HWO_CEP250KO.tif
F12_2HWO_CEP250KO,3,F12,2HWO,CEP250KO,34,32.1224664041963,42,37.34446907955604,Segmented images_CEP250KO/CEP250_2hWO/F12_2HWO_CEP250KO.tif
F12_2HWO_CEP250KO,4,F12,2HWO,CEP250KO,27,25.96286124576227,33,30.04597363672734,Segmented images_CEP250KO/CEP250_2hWO/F12_2HWO_CEP250KO.tif
F1_2HWO_CEP250KO,1,F1,2HWO,CEP250KO,29,29.32018982354888,38,33.97982263820903,Segmented images_CEP250KO/CEP250_2hWO/F1_2HWO_CEP250KO.tif
F1_2HWO_CEP250KO,2,F1,2HWO,CEP250KO,28,26.232167845575017,35,30.51412229957721,Segmented images_CEP250KO/CEP250_2hWO/F1_2HWO_CEP250KO.tif
F1_2HWO_CEP250KO,3,F1,2HWO,CEP250KO,30,27.054924350676316,38,32.226022936558294,Segmented images_CEP250KO/CEP250_2hWO/F1_2HWO_CEP250KO.tif
F2_2HWO_CEP250KO,1,F2,2HWO,CEP250KO,26,25.375957226298226,34,29.589678361306525,Segmented images_CEP250KO/CEP250_2hWO/F2_2HWO_CEP250KO.tif
F2_2HWO_CEP250KO,2,F2,2HWO,CEP250KO,31,29.30021026012014,44,39.35444903539195,Segmented images_CEP250KO/CEP250_2hWO/F2_2HWO_CEP250KO.tif
F2_2HWO_CEP250KO,3,F2,2HWO,CEP250KO,34,30.646106619236008,35,31.142225709581133,Segmented images_CEP250KO/CEP250_2hWO/F2_2HWO_CEP250KO.tif
F4_2HWO_CEP250KO,1,F4,2HWO,CEP250KO,37,35.41578632134122,41,37.28523641538054,Segmented images_CEP250KO/CEP250_2hWO/F4_2HWO_CEP250KO.tif
F6_2HWO_CEP250KO,1,F6,2HWO,CEP250KO,29,28.13289804056752,40,35.61656458514361,Segmented images_CEP250KO/CEP250_2hWO/F6_2HWO_CEP250KO.tif
F6_2HWO_CEP250KO,2,F6,2HWO,CEP250KO,33,30.543673260052678,33,31.040110729624825,Segmented images_CEP250KO/CEP250_2hWO/F6_2HWO_CEP250KO.tif
F6_2HWO_CEP250KO,3,F6,2HWO,CEP250KO,31,28.679726136090714,37,32.26364800144805,Segmented images_CEP250KO/CEP250_2hWO/F6_2HWO_CEP250KO.tif
F7_2HWO_CEP250KO,1,F7,2HWO,CEP250KO,31,28.148901158311293,37,31.352263459611102,Segmented images_CEP250KO/CEP250_2hWO/F7_2HWO_CEP250KO.tif
F7_2HWO_CEP250KO,2,F7,2HWO,CEP250KO,29,28.537121726008987,37,33.28082101288593,Segmented images_CEP250KO/CEP250_2hWO/F7_2HWO_CEP250KO.tif
F7_2HWO_CEP250KO,3,F7,2HWO,CEP250KO,34,30.856494802334737,39,33.44610205590955,Segmented images_CEP250KO/CEP250_2hWO/F7_2HWO_CEP250KO.tif
F7_2HWO_CEP250KO,4,F7,2HWO,CEP250KO,23,23.247864031494778,35,30.88961065305519,Segmented images_CEP250KO/CEP250_2hWO/F7_2HWO_CEP250KO.tif
F7_2HWO_CEP250KO,5,F7,2HWO,CEP250KO,27,27.237950515798826,40,35.69290134880411,Segmented images_CEP250KO/CEP250_2hWO/F7_2HWO_CEP250KO.tif
F7_2HWO_CEP250KO,6,F7,2HWO,CEP250KO,26,23.61928164200062,30,26.79451062389948,Segmented images_CEP250KO/CEP250_2hWO/F7_2HWO_CEP250KO.tif
F7_2HWO_CEP250KO,7,F7,2HWO,CEP250KO,35,32.647170037619546,48,41.55862305595189,Segmented images_CEP250KO/CEP250_2hWO/F7_2HWO_CEP250KO.tif
F8_2HWO_CEP250KO,1,F8,2HWO,CEP250KO,35,33.29580367817564,41,36.99784910527733,Segmented images_CEP250KO/CEP250_2hWO/F8_2HWO_CEP250KO.tif
F8_2HWO_CEP250KO,2,F8,2HWO,CEP250KO,35,31.80874234926542,39,34.12008736401836,Segmented images_CEP250KO/CEP250_2hWO/F8_2HWO_CEP250KO.tif
F8_2HWO_CEP250KO,3,F8,2HWO,CEP250KO,31,28.61757700916292,39,33.84121795826725,Segmented images_CEP250KO/CEP250_2hWO/F8_2HWO_CEP250KO.tif
F8_2HWO_CEP250KO,4,F8,2HWO,CEP250KO,32,30.103854236475563,36,32.55046868434352,Segmented images_CEP250KO/CEP250_2hWO/F8_2HWO_CEP250KO.tif
F8_2HWO_CEP250KO,5,F8,2HWO,CEP250KO,33,30.129764847592128,40,34.02772911691452,Segmented images_CEP250KO/CEP250_2hWO/F8_2HWO_CEP250KO.tif
F8_2HWO_CEP250KO,6,F8,2HWO,CEP250KO,34,31.794492350237043,43,37.165010081750395,Segmented images_CEP250KO/CEP250_2hWO/F8_2HWO_CEP250KO.tif
F9_2HWO_CEP250KO,1,F9,2HWO,CEP250KO,37,33.54134828834201,50,43.8584679390256,Segmented images_CEP250KO/CEP250_2hWO/F9_2HWO_CEP250KO.tif
F9_2HWO_CEP250KO,2,F9,2HWO,CEP250KO,37,35.40995974791565,46,40.67985415591414,Segmented images_CEP250KO/CEP250_2hWO/F9_2HWO_CEP250KO.tif
F10_2hDRUG_CEP250KO,1,F10,2hDRUG,CEP250KO,54,50.394113071216616,63,55.29146900267506,Segmented images_CEP250KO/CEP250_2hdrug/F10_2hDRUG_CEP250KO.tif
F10_2hDRUG_CEP250KO,2,F10,2hDRUG,CEP250KO,44,38.70460390648682,45,39.70515088513023,Segmented images_CEP250KO/CEP250_2hdrug/F10_2hDRUG_CEP250KO.tif
F10_2hDRUG_CEP250KO,3,F10,2hDRUG,CEP250KO,19,16.249876156327375,20,16.64695877135402,Segmented images_CEP250KO/CEP250_2hdrug/F10_2hDRUG_CEP250KO.tif
F10_2hDRUG_CEP250KO,4,F10,2hDRUG,CEP250KO,41,36.975949128930175,46,39.77153376536964,Segmented images_CEP250KO/CEP250_2hdrug/F10_2hDRUG_CEP250KO.tif
F10_2hDRUG_CEP250KO,5,F10,2hDRUG,CEP250KO,42,37.1868109173949,43,38.06855261703174,Segmented images_CEP250KO/CEP250_2hdrug/F10_2hDRUG_CEP250KO.tif
F11_2hDRUG_CEP250KO,1,F11,2hDRUG,CEP250KO,34,30.77950064222186,38,33.524888082948294,Segmented images_CEP250KO/CEP250_2hdrug/F11_2hDRUG_CEP250KO.tif
F11_2hDRUG_CEP250KO,2,F11,2hDRUG,CEP250KO,40,34.14298229586871,40,34.756400926016184,Segmented images_CEP250KO/CEP250_2hdrug/F11_2hDRUG_CEP250KO.tif
F11_2hDRUG_CEP250KO,3,F11,2hDRUG,CEP250KO,54,45.889616813265285,54,46.267030246696606,Segmented images_CEP250KO/CEP250_2hdrug/F11_2hDRUG_CEP250KO.tif
F11_2hDRUG_CEP250KO,4,F11,2hDRUG,CEP250KO,35,31.420793872896237,39,34.19339893704967,Segmented images_CEP250KO/CEP250_2hdrug/F11_2hDRUG_CEP250KO.tif
F11_2hDRUG_CEP250KO,5,F11,2hDRUG,CEP250KO,41,36.54365931392287,44,38.25709225189966,Segmented images_CEP250KO/CEP250_2hdrug/F11_2hDRUG_CEP250KO.tif
F12_2hDRUG_CEP250KO,1,F12,2hDRUG,CEP250KO,43,38.15229924210811,47,40.03893303966623,Segmented images_CEP250KO/CEP250_2hdrug/F12_2hDRUG_CEP250KO.tif
F12_2hDRUG_CEP250KO,2,F12,2hDRUG,CEP250KO,50,45.15022856792223,54,47.391244629103056,Segmented images_CEP250KO/CEP250_2hdrug/F12_2hDRUG_CEP250KO.tif
F13_2hDRUG_CEP250KO,1,F13,2hDRUG,CEP250KO,48,43.24046797270613,54,46.35036257874037,Segmented images_CEP250KO/CEP250_2hdrug/F13_2hDRUG_CEP250KO.tif
F14_2hDRUG_CEP250KO,1,F14,2hDRUG,CEP250KO,41,37.600185545899905,46,40.50965184551989,Segmented images_CEP250KO/CEP250_2hdrug/F14_2hDRUG_CEP250KO.tif
F14_2hDRUG_CEP250KO,2,F14,2hDRUG,CEP250KO,35,30.66509380663237,39,32.975115686444326,Segmented images_CEP250KO/CEP250_2hdrug/F14_2hDRUG_CEP250KO.tif
F14_2hDRUG_CEP250KO,3,F14,2hDRUG,CEP250KO,36,33.59747893265988,42,36.485451348562506,Segmented images_CEP250KO/CEP250_2hdrug/F14_2hDRUG_CEP250KO.tif
F14_2hDRUG_CEP250KO,4,F14,2hDRUG,CEP250KO,39,34.95366528161104,46,38.504116337307636,Segmented images_CEP250KO/CEP250_2hdrug/F14_2hDRUG_CEP250KO.tif
F14_2hDRUG_CEP250KO,5,F14,2hDRUG,CEP250KO,36,32.67046222884796,40,34.09650930927487,Segmented images_CEP250KO/CEP250_2hdrug/F14_2hDRUG_CEP250KO.tif
F14_2hDRUG_CEP250KO,6,F14,2hDRUG,CEP250KO,39,35.02859524528541,41,36.82966907116406,Segmented images_CEP250KO/CEP250_2hdrug/F14_2hDRUG_CEP250KO.tif
F15_2hDRUG_CEP250KO,1,F15,2hDRUG,CEP250KO,30,27.727451489640156,34,29.839858667975026,Segmented images_CEP250KO/CEP250_2hdrug/F15_2hDRUG_CEP250KO.tif
F15_2hDRUG_CEP250KO,2,F15,2hDRUG,CEP250KO,42,38.55345951965689,44,38.96008529438219,Segmented images_CEP250KO/CEP250_2hdrug/F15_2hDRUG_CEP250KO.tif
F15_2hDRUG_CEP250KO,3,F15,2hDRUG,CEP250KO,41,36.86711581434546,43,38.018771213402125,Segmented images_CEP250KO/CEP250_2hdrug/F15_2hDRUG_CEP250KO.tif
F15_2hDRUG_CEP250KO,4,F15,2hDRUG,CEP250KO,33,31.403061600396697,40,35.40256403989583,Segmented images_CEP250KO/CEP250_2hdrug/F15_2hDRUG_CEP250KO.tif
F15_2hDRUG_CEP250KO,5,F15,2hDRUG,CEP250KO,43,37.66738521539342,47,40.400944204410905,Segmented images_CEP250KO/CEP250_2hdrug/F15_2hDRUG_CEP250KO.tif
F16_2hDRUG_CEP250KO,1,F16,2hDRUG,CEP250KO,53,46.32456230686309,54,46.95582572027608,Segmented images_CEP250KO/CEP250_2hdrug/F16_2hDRUG_CEP250KO.tif
F16_2hDRUG_CEP250KO,2,F16,2hDRUG,CEP250KO,49,44.52441834361757,50,45.29708793251237,Segmented images_CEP250KO/CEP250_2hdrug/F16_2hDRUG_CEP250KO.tif
F16_2hDRUG_CEP250KO,3,F16,2hDRUG,CEP250KO,47,41.56247851042855,49,42.97585226341926,Segmented images_CEP250KO/CEP250_2hdrug/F16_2hDRUG_CEP250KO.tif
F16_2hDRUG_CEP250KO,4,F16,2hDRUG,CEP250KO,47,41.05474821131631,51,43.043283201225414,Segmented images_CEP250KO/CEP250_2hdrug/F16_2hDRUG_CEP250KO.tif
F16_2hDRUG_CEP250KO,5,F16,2hDRUG,CEP250KO,32,28.247268848225595,34,29.472465326138853,Segmented images_CEP250KO/CEP250_2hdrug/F16_2hDRUG_CEP250KO.tif
F1_2hDRUG_CEP250KO,1,F1,2hDRUG,CEP250KO,39,34.12371741402178,41,34.92329049086013,Segmented images_CEP250KO/CEP250_2hdrug/F1_2hDRUG_CEP250KO.tif
F1_2hDRUG_CEP250KO,2,F1,2hDRUG,CEP250KO,39,34.49492158717902,43,37.137192483702115,Segmented images_CEP250KO/CEP250_2hdrug/F1_2hDRUG_CEP250KO.tif
F1_2hDRUG_CEP250KO,3,F1,2hDRUG,CEP250KO,47,40.81438241586026,50,42.95274799307112,Segmented images_CEP250KO/CEP250_2hdrug/F1_2hDRUG_CEP250KO.tif
F2_2hDRUG_CEP250KO,1,F2,2hDRUG,CEP250KO,34,30.328660808184715,38,32.14293483649984,Segmented images_CEP250KO/CEP250_2hdrug/F2_2hDRUG_CEP250KO.tif
F2_2hDRUG_CEP250KO,2,F2,2hDRUG,CEP250KO,46,43.212509258905264,57,49.32252956026325,Segmented images_CEP250KO/CEP250_2hdrug/F2_2hDRUG_CEP250KO.tif
F2_2hDRUG_CEP250KO,3,F2,2hDRUG,CEP250KO,40,36.321902260763295,43,37.979555203092595,Segmented images_CEP250KO/CEP250_2hdrug/F2_2hDRUG_CEP250KO.tif
F3_2hDRUG_CEP250KO,1,F3,2hDRUG,CEP250KO,35,31.121753047922592,37,32.33526563833719,Segmented images_CEP250KO/CEP250_2hdrug/F3_2hDRUG_CEP250KO.tif
F3_2hDRUG_CEP250KO,2,F3,2hDRUG,CEP250KO,46,40.837811607287556,52,44.592215730405314,Segmented images_CEP250KO/CEP250_2hdrug/F3_2hDRUG_CEP250KO.tif
F3_2hDRUG_CEP250KO,3,F3,2hDRUG,CEP250KO,40,34.83417650590889,42,35.983480966728074,Segmented images_CEP250KO/CEP250_2hdrug/F3_2hDRUG_CEP250KO.tif
F3_2hDRUG_CEP250KO,4,F3,2hDRUG,CEP250KO,37,32.72234092452148,40,34.39568734037627,Segmented images_CEP250KO/CEP250_2hdrug/F3_2hDRUG_CEP250KO.tif
F4_2hDRUG_CEP250KO,1,F4,2hDRUG,CEP250KO,46,40.663125040502926,47,41.42116525187927,Segmented images_CEP250KO/CEP250_2hdrug/F4_2hDRUG_CEP250KO.tif
F4_2hDRUG_CEP250KO,2,F4,2hDRUG,CEP250KO,43,37.95278861009139,46,39.418368439455854,Segmented images_CEP250KO/CEP250_2hdrug/F4_2hDRUG_CEP250KO.tif
F4_2hDRUG_CEP250KO,3,F4,2hDRUG,CEP250KO,45,40.53629489067022,46,41.382329889835106,Segmented images_CEP250KO/CEP250_2hdrug/F4_2hDRUG_CEP250KO.tif
F4_2hDRUG_CEP250KO,4,F4,2hDRUG,CEP250KO,38,34.27547015365156,45,38.1812865016945,Segmented images_CEP250KO/CEP250_2hdrug/F4_2hDRUG_CEP250KO.tif
F5_2hDRUG_CEP250KO,1,F5,2hDRUG,CEP250KO,50,43.15209167087926,51,44.12190808185147,Segmented images_CEP250KO/CEP250_2hdrug/F5_2hDRUG_CEP250KO.tif
F6_2hDRUG_CEP250KO,1,F6,2hDRUG,CEP250KO,44,39.73759390044451,49,42.36414745307888,Segmented images_CEP250KO/CEP250_2hdrug/F6_2hDRUG_CEP250KO.tif
F6_2hDRUG_CEP250KO,2,F6,2hDRUG,CEP250KO,49,45.659694156521304,57,49.68782982342582,Segmented images_CEP250KO/CEP250_2hdrug/F6_2hDRUG_CEP250KO.tif
F6_2hDRUG_CEP250KO,3,F6,2hDRUG,CEP250KO,43,38.35463506315608,45,39.73560807545539,Segmented images_CEP250KO/CEP250_2hdrug/F6_2hDRUG_CEP250KO.tif
F6_2hDRUG_CEP250KO,4,F6,2hDRUG,CEP250KO,40,35.04396340224138,41,35.73933425158648,Segmented images_CEP250KO/CEP250_2hdrug/F6_2hDRUG_CEP250KO.tif
F7_2hDRUG_CEP250KO,1,F7,2hDRUG,CEP250KO,44,38.75230782845963,44,38.94425867781746,Segmented images_CEP250KO/CEP250_2hdrug/F7_2hDRUG_CEP250KO.tif
F7_2hDRUG_CEP250KO,2,F7,2hDRUG,CEP250KO,49,44.05986448803468,50,44.37059478890398,Segmented images_CEP250KO/CEP250_2hdrug/F7_2hDRUG_CEP250KO.tif
F8_2hDRUG_CEP250KO,1,F8,2hDRUG,CEP250KO,47,40.91126544570631,49,42.23412731726868,Segmented images_CEP250KO/CEP250_2hdrug/F8_2hDRUG_CEP250KO.tif
F8_2hDRUG_CEP250KO,2,F8,2hDRUG,CEP250KO,41,35.621412977530355,41,35.95501396036347,Segmented images_CEP250KO/CEP250_2hdrug/F8_2hDRUG_CEP250KO.tif
F8_2hDRUG_CEP250KO,3,F8,2hDRUG,CEP250KO,52,46.05579172718502,52,46.15055733037264,Segmented images_CEP250KO/CEP250_2hdrug/F8_2hDRUG_CEP250KO.tif
F8_2hDRUG_CEP250KO,4,F8,2hDRUG,CEP250KO,42,37.48705896343317,47,39.87987288620283,Segmented images_CEP250KO/CEP250_2hdrug/F8_2hDRUG_CEP250KO.tif
F9_2hDRUG_CEP250KO,1,F9,2hDRUG,CEP250KO,42,37.150253331849406,46,38.991873613645524,Segmented images_CEP250KO/CEP250_2hdrug/F9_2hDRUG_CEP250KO.tif
F9_2hDRUG_CEP250KO,2,F9,2hDRUG,CEP250KO,39,36.43835151527001,47,40.96521118263546,Segmented images_CEP250KO/CEP250_2hdrug/F9_2hDRUG_CEP250KO.tif
F9_2hDRUG_CEP250KO,3,F9,2hDRUG,CEP250KO,36,33.22830113963423,40,35.670516015883145,Segmented images_CEP250KO/CEP250_2hdrug/F9_2hDRUG_CEP250KO.tif
F9_2hDRUG_CEP250KO,4,F9,2hDRUG,CEP250KO,37,33.05332547060432,40,34.33901671361094,Segmented images_CEP250KO/CEP250_2hdrug/F9_2hDRUG_CEP250KO.tif
F9_2hDRUG_CEP250KO,5,F9,2hDRUG,CEP250KO,37,32.81216632686852,38,33.3205272903597,Segmented images_CEP250KO/CEP250_2hdrug/F9_2hDRUG_CEP250KO.tif
F9_2hDRUG_CEP250KO,6,F9,2hDRUG,CEP250KO,50,44.823924787500985,53,46.26076812386026,Segmented images_CEP250KO/CEP250_2hdrug/F9_2hDRUG_CEP250KO.tif
F10_30min WO_CEP250KO,1,F10,30min,WO,34,31.511438127335378,37,32.91192598752422,Segmented images_CEP250KO/CEP250_30minWO/F10_30min WO_CEP250KO.tif
F10_30min WO_CEP250KO,2,F10,30min,WO,39,34.74093773741087,40,35.06080374090227,Segmented images_CEP250KO/CEP250_30minWO/F10_30min WO_CEP250KO.tif
F10_30min WO_CEP250KO,3,F10,30min,WO,44,39.60461455125662,49,42.646330763949464,Segmented images_CEP250KO/CEP250_30minWO/F10_30min WO_CEP250KO.tif
F10_30min WO_CEP250KO,4,F10,30min,WO,39,34.921323965122426,42,36.71801157450966,Segmented images_CEP250KO/CEP250_30minWO/F10_30min WO_CEP250KO.tif
F10_30min WO_CEP250KO,5,F10,30min,WO,40,36.933652839631954,44,38.60964838252845,Segmented images_CEP250KO/CEP250_30minWO/F10_30min WO_CEP250KO.tif
F11_30min WO_CEP250KO,1,F11,30min,WO,46,40.74681333132425,48,41.50463099419639,Segmented images_CEP250KO/CEP250_30minWO/F11_30min WO_CEP250KO.tif
F11_30min WO_CEP250KO,2,F11,30min,WO,46,41.45537647827123,51,44.99913766787485,Segmented images_CEP250KO/CEP250_30minWO/F11_30min WO_CEP250KO.tif
F11_30min WO_CEP250KO,3,F11,30min,WO,40,36.04287035326299,49,41.49556477045871,Segmented images_CEP250KO/CEP250_30minWO/F11_30min WO_CEP250KO.tif
F11_30min WO_CEP250KO,4,F11,30min,WO,47,41.28483249479953,49,42.607545396693745,Segmented images_CEP250KO/CEP250_30minWO/F11_30min WO_CEP250KO.tif
F11_30min WO_CEP250KO,5,F11,30min,WO,32,26.641286781001703,32,26.72921769243249,Segmented images_CEP250KO/CEP250_30minWO/F11_30min WO_CEP250KO.tif
F11_30min WO_CEP250KO,6,F11,30min,WO,63,55.81592554787328,68,57.84050668809555,Segmented images_CEP250KO/CEP250_30minWO/F11_30min WO_CEP250KO.tif
F11_30min WO_CEP250KO,7,F11,30min,WO,35,30.730311847744964,36,31.046276432905838,Segmented images_CEP250KO/CEP250_30minWO/F11_30min WO_CEP250KO.tif
F11_30min WO_CEP250KO,8,F11,30min,WO,40,35.9308356993617,43,37.717407291195215,Segmented images_CEP250KO/CEP250_30minWO/F11_30min WO_CEP250KO.tif
F12_30min WO_CEP250KO,1,F12,30min,WO,41,36.21765011322835,42,36.47255786568057,Segmented images_CEP250KO/CEP250_30minWO/F12_30min WO_CEP250KO.tif
F12_30min WO_CEP250KO,2,F12,30min,WO,37,35.72888167183197,49,42.37836014187126,Segmented images_CEP250KO/CEP250_30minWO/F12_30min WO_CEP250KO.tif
F12_30min WO_CEP250KO,3,F12,30min,WO,51,44.44937714937531,52,45.13669119880448,Segmented images_CEP250KO/CEP250_30minWO/F12_30min WO_CEP250KO.tif
F12_30min WO_CEP250KO,4,F12,30min,WO,47,41.96132242314152,51,44.13396533684385,Segmented images_CEP250KO/CEP250_30minWO/F12_30min WO_CEP250KO.tif
F12_30min WO_CEP250KO,5,F12,30min,WO,51,46.09590747220574,57,49.00372449237561,Segmented images_CEP250KO/CEP250_30minWO/F12_30min WO_CEP250KO.tif
F13_30min WO_CEP250KO,1,F13,30min,WO,39,34.04814517164072,41,36.12151983659296,Segmented images_CEP250KO/CEP250_30minWO/F13_30min WO_CEP250KO.tif
F13_30min WO_CEP250KO,2,F13,30min,WO,57,49.056841864877924,57,49.109692884444584,Segmented images_CEP250KO/CEP250_30minWO/F13_30min WO_CEP250KO.tif
F13_30min WO_CEP250KO,3,F13,30min,WO,30,27.280203321059364,31,28.100919317202496,Segmented images_CEP250KO/CEP250_30minWO/F13_30min WO_CEP250KO.tif
F13_30min WO_CEP250KO,4,F13,30min,WO,70,62.38497646494171,77,67.25602269276165,Segmented images_CEP250KO/CEP250_30minWO/F13_30min WO_CEP250KO.tif
F13_30min WO_CEP250KO,5,F13,30min,WO,34,30.65230777225196,39,33.069049452534614,Segmented images_CEP250KO/CEP250_30minWO/F13_30min WO_CEP250KO.tif
F13_30min WO_CEP250KO,6,F13,30min,WO,42,38.111216868727475,49,42.70243160644892,Segmented images_CEP250KO/CEP250_30minWO/F13_30min WO_CEP250KO.tif
F14_30min WO_CEP250KO,1,F14,30min,WO,40,36.12494477320602,46,39.430965622308015,Segmented images_CEP250KO/CEP250_30minWO/F14_30min WO_CEP250KO.tif
F14_30min WO_CEP250KO,2,F14,30min,WO,37,33.13634624114982,40,34.19694953171322,Segmented images_CEP250KO/CEP250_30minWO/F14_30min WO_CEP250KO.tif
F14_30min WO_CEP250KO,3,F14,30min,WO,34,30.63088783316556,37,32.633532973734724,Segmented images_CEP250KO/CEP250_30minWO/F14_30min WO_CEP250KO.tif
F15_30min WO_CEP250KO,1,F15,30min,WO,37,32.32077714802501,38,33.832997224437875,Segmented images_CEP250KO/CEP250_30minWO/F15_30min WO_CEP250KO.tif
F15_30min WO_CEP250KO,2,F15,30min,WO,41,44.594087911424424,57,51.44977067435174,Segmented images_CEP250KO/CEP250_30minWO/F15_30min WO_CEP250KO.tif
F15_30min WO_CEP250KO,3,F15,30min,WO,47,41.937648088380485,49,43.62725258526967,Segmented images_CEP250KO/CEP250_30minWO/F15_30min WO_CEP250KO.tif
F15_30min WO_CEP250KO,4,F15,30min,WO,38,33.86014171488498,42,36.228981838285286,Segmented images_CEP250KO/CEP250_30minWO/F15_30min WO_CEP250KO.tif
F16_30min WO_CEP250KO,1,F16,30min,WO,36,31.660609532633952,39,33.52586940073773,Segmented images_CEP250KO/CEP250_30minWO/F16_30min WO_CEP250KO.tif
F16_30min WO_CEP250KO,2,F16,30min,WO,45,39.91959125882362,47,40.967938801453364,Segmented images_CEP250KO/CEP250_30minWO/F16_30min WO_CEP250KO.tif
F16_30min WO_CEP250KO,3,F16,30min,WO,45,40.146308221965036,48,41.873097880137294,Segmented images_CEP250KO/CEP250_30minWO/F16_30min WO_CEP250KO.tif
F16_30min WO_CEP250KO,4,F16,30min,WO,32,28.256580853989373,33,29.054459227213016,Segmented images_CEP250KO/CEP250_30minWO/F16_30min WO_CEP250KO.tif
F16_30min WO_CEP250KO,5,F16,30min,WO,35,32.34346320530588,41,34.596017945385796,Segmented images_CEP250KO/CEP250_30minWO/F16_30min WO_CEP250KO.tif
F16_30min WO_CEP250KO,6,F16,30min,WO,36,34.05169297360068,44,38.395071165915176,Segmented images_CEP250KO/CEP250_30minWO/F16_30min WO_CEP250KO.tif
F16_30min WO_CEP250KO,7,F16,30min,WO,45,39.791927356881445,48,41.79830283208332,Segmented images_CEP250KO/CEP250_30minWO/F16_30min WO_CEP250KO.tif
F17_30min WO_CEP250KO,1,F17,30min,WO,33,28.05333987120855,35,28.926633352039687,Segmented images_CEP250KO/CEP250_30minWO/F17_30min WO_CEP250KO.tif
F17_30min WO_CEP250KO,2,F17,30min,WO,39,33.47347136212777,40,34.05614878666842,Segmented images_CEP250KO/CEP250_30minWO/F17_30min WO_CEP250KO.tif
F17_30min WO_CEP250KO,3,F17,30min,WO,27,24.797734573490644,31,26.916822297034045,Segmented images_CEP250KO/CEP250_30minWO/F17_30min WO_CEP250KO.tif
F17_30min WO_CEP250KO,4,F17,30min,WO,48,43.7048865086927,55,47.79435062410233,Segmented images_CEP250KO/CEP250_30minWO/F17_30min WO_CEP250KO.tif
F17_30min WO_CEP250KO,5,F17,30min,WO,37,31.730775117201386,37,32.290254714445666,Segmented images_CEP250KO/CEP250_30minWO/F17_30min WO_CEP250KO.tif
F17_30min WO_CEP250KO,6,F17,30min,WO,34,31.21277622761327,38,33.540065012673644,Segmented images_CEP250KO/CEP250_30minWO/F17_30min WO_CEP250KO.tif
F18_30min WO_CEP250KO,1,F18,30min,WO,29,26.351645844438163,32,27.30551372763212,Segmented images_CEP250KO/CEP250_30minWO/F18_30min WO_CEP250KO.tif
F18_30min WO_CEP250KO,2,F18,30min,WO,32,27.728586896123783,34,29.195556822193158,Segmented images_CEP250KO/CEP250_30minWO/F18_30min WO_CEP250KO.tif
F18_30min WO_CEP250KO,3,F18,30min,WO,35,30.618229350674138,38,32.20670675614268,Segmented images_CEP250KO/CEP250_30minWO/F18_30min WO_CEP250KO.tif
F19_30min WO_CEP250KO,1,F19,30min,WO,50,43.74475028331267,52,44.546741722412186,Segmented images_CEP250KO/CEP250_30minWO/F19_30min WO_CEP250KO.tif
F19_30min WO_CEP250KO,2,F19,30min,WO,37,32.70903738402445,38,33.08378260503746,Segmented images_CEP250KO/CEP250_30minWO/F19_30min WO_CEP250KO.tif
F19_30min WO_CEP250KO,3,F19,30min,WO,40,36.077200591707374,43,36.898696718683574,Segmented images_CEP250KO/CEP250_30minWO/F19_30min WO_CEP250KO.tif
F19_30min WO_CEP250KO,4,F19,30min,WO,43,38.48160002685912,44,39.07696691005609,Segmented images_CEP250KO/CEP250_30minWO/F19_30min WO_CEP250KO.tif
F19_30min WO_CEP250KO,5,F19,30min,WO,34,31.4815173753807,37,33.22174168029056,Segmented images_CEP250KO/CEP250_30minWO/F19_30min WO_CEP250KO.tif
F19_30min WO_CEP250KO,6,F19,30min,WO,40,34.946577456966075,41,36.29455380486792,Segmented images_CEP250KO/CEP250_30minWO/F19_30min WO_CEP250KO.tif
F1_30min WO_CEP250KO,1,F1,30min,WO,53,46.2155389148637,54,47.45864714390231,Segmented images_CEP250KO/CEP250_30minWO/F1_30min WO_CEP250KO.tif
F1_30min WO_CEP250KO,2,F1,30min,WO,44,40.16103551456983,47,42.588221843896164,Segmented images_CEP250KO/CEP250_30minWO/F1_30min WO_CEP250KO.tif
F1_30min WO_CEP250KO,3,F1,30min,WO,42,37.898473169305454,46,39.48819974171821,Segmented images_CEP250KO/CEP250_30minWO/F1_30min WO_CEP250KO.tif
F20_30min WO_CEP250KO,1,F20,30min,WO,46,39.81257130768226,47,40.575029869124336,Segmented images_CEP250KO/CEP250_30minWO/F20_30min WO_CEP250KO.tif
F20_30min WO_CEP250KO,2,F20,30min,WO,32,28.7157944024702,35,29.7982712056295,Segmented images_CEP250KO/CEP250_30minWO/F20_30min WO_CEP250KO.tif
F20_30min WO_CEP250KO,3,F20,30min,WO,42,37.59310081985254,47,40.72597356663648,Segmented images_CEP250KO/CEP250_30minWO/F20_30min WO_CEP250KO.tif
F20_30min WO_CEP250KO,4,F20,30min,WO,33,29.19014286282239,35,30.271900675907883,Segmented images_CEP250KO/CEP250_30minWO/F20_30min WO_CEP250KO.tif
F20_30min WO_CEP250KO,5,F20,30min,WO,48,41.194764855523694,48,41.4099430273299,Segmented images_CEP250KO/CEP250_30minWO/F20_30min WO_CEP250KO.tif
F20_30min WO_CEP250KO,6,F20,30min,WO,53,46.566630992467104,54,47.537499582980544,Segmented images_CEP250KO/CEP250_30minWO/F20_30min WO_CEP250KO.tif
F20_30min WO_CEP250KO,7,F20,30min,WO,44,38.21490838663745,45,39.34466192898985,Segmented images_CEP250KO/CEP250_30minWO/F20_30min WO_CEP250KO.tif
F20_30min WO_CEP250KO,8,F20,30min,WO,35,30.381608267639393,36,30.839447740062962,Segmented images_CEP250KO/CEP250_30minWO/F20_30min WO_CEP250KO.tif
F20_30min WO_CEP250KO,9,F20,30min,WO,43,37.14821397896859,44,37.53492339514688,Segmented images_CEP250KO/CEP250_30minWO/F20_30min WO_CEP250KO.tif
F20_30min WO_CEP250KO,10,F20,30min,WO,49,42.92230688853865,50,43.307691100898865,Segmented images_CEP250KO/CEP250_30minWO/F20_30min WO_CEP250KO.tif
F2_30min WO_CEP250KO,1,F2,30min,WO,38,34.65904495037694,42,36.054758565812875,Segmented images_CEP250KO/CEP250_30minWO/F2_30min WO_CEP250KO.tif
F2_30min WO_CEP250KO,2,F2,30min,WO,37,34.241386079587365,46,40.08825282253998,Segmented images_CEP250KO/CEP250_30minWO/F2_30min WO_CEP250KO.tif
F3_30min WO_CEP250KO,1,F3,30min,WO,36,33.419820763593705,44,37.540340318953206,Segmented images_CEP250KO/CEP250_30minWO/F3_30min WO_CEP250KO.tif
F3_30min WO_CEP250KO,2,F3,30min,WO,39,34.204499615421135,41,34.81241878481115,Segmented images_CEP250KO/CEP250_30minWO/F3_30min WO_CEP250KO.tif
F3_30min WO_CEP250KO,3,F3,30min,WO,51,43.24573581750591,51,44.253570531553585,Segmented images_CEP250KO/CEP250_30minWO/F3_30min WO_CEP250KO.tif
F3_30min WO_CEP250KO,4,F3,30min,WO,35,30.996705755744628,38,32.677486141826,Segmented images_CEP250KO/CEP250_30minWO/F3_30min WO_CEP250KO.tif
F3_30min WO_CEP250KO,5,F3,30min,WO,54,47.461254516969795,55,48.21855436227143,Segmented images_CEP250KO/CEP250_30minWO/F3_30min WO_CEP250KO.tif
F7_30min WO_CEP250KO,1,F7,30min,WO,43,39.58444328058401,49,43.361387207983626,Segmented images_CEP250KO/CEP250_30minWO/F7_30min WO_CEP250KO.tif
F7_30min WO_CEP250KO,2,F7,30min,WO,36,32.172413740907245,36,32.553032380579026,Segmented images_CEP250KO/CEP250_30minWO/F7_30min WO_CEP250KO.tif
F7_30min WO_CEP250KO,3,F7,30min,WO,29,26.611167013855344,32,27.847644604563374,Segmented images_CEP250KO/CEP250_30minWO/F7_30min WO_CEP250KO.tif
F7_30min WO_CEP250KO,4,F7,30min,WO,40,35.947561164935976,44,38.80219425192956,Segmented images_CEP250KO/CEP250_30minWO/F7_30min WO_CEP250KO.tif
F7_30min WO_CEP250KO,5,F7,30min,WO,108,95.16448605654138,110,96.12908477477531,Segmented images_CEP250KO/CEP250_30minWO/F7_30min WO_CEP250KO.tif
F8_30min WO_CEP250KO,1,F8,30min,WO,45,40.58082091579905,56,47.643421814020485,Segmented images_CEP250KO/CEP250_30minWO/F8_30min WO_CEP250KO.tif
F8_30min WO_CEP250KO,2,F8,30min,WO,40,37.148150888683396,46,40.66865000452121,Segmented images_CEP250KO/CEP250_30minWO/F8_30min WO_CEP250KO.tif
F8_30min WO_CEP250KO,3,F8,30min,WO,44,38.99517401468294,46,40.791772412251696,Segmented images_CEP250KO/CEP250_30minWO/F8_30min WO_CEP250KO.tif
F8_30min WO_CEP250KO,4,F8,30min,WO,35,32.255376527055574,38,33.717665421429274,Segmented images_CEP250KO/CEP250_30minWO/F8_30min WO_CEP250KO.tif
F9_30min WO_CEP250KO,1,F9,30min,WO,40,35.49104591185426,44,37.89899190360794,Segmented images_CEP250KO/CEP250_30minWO/F9_30min WO_CEP250KO.tif
F9_30min WO_CEP250KO,2,F9,30min,WO,43,38.371215168309526,49,42.10151828793529,Segmented images_CEP250KO/CEP250_30minWO/F9_30min WO_CEP250KO.tif
F9_30min WO_CEP250KO,3,F9,30min,WO,32,29.99547309668272,41,36.01346168321809,Segmented images_CEP250KO/CEP250_30minWO/F9_30min WO_CEP250KO.tif
